[
  {
    "_id": "691f1ad0dfca2595e7c78b58",
    "token": "LZ0YCS",
    "name": "khilenadr",
    "number": "8232932032",
    "address": "asdnaskldnaksldsa",
    "package": "999",
    "paymentMode": "cash",
    "isPaid": true,
    "screenshotUrl": null,
    "screenshotPublicId": null,
    "createdAt": "2025-11-20T13:42:40.943Z",
    "updatedAt": "2025-11-20T13:43:34.090Z",
    "__v": 0
  },
  {
    "_id": "691f1a3ad62befff3ff31f01",
    "token": "30K85B",
    "name": "khilenadr",
    "number": "8232932032",
    "address": "asdnaskldnaksldsa",
    "package": "999",
    "paymentMode": "cash",
    "isPaid": false,
    "screenshotUrl": null,
    "screenshotPublicId": null,
    "createdAt": "2025-11-20T13:40:10.039Z",
    "updatedAt": "2025-11-20T13:40:10.039Z",
    "__v": 0
  },
  {
    "_id": "691f186ed62befff3ff31ef8",
    "token": "WWEY9G",
    "name": "JaneDoe",
    "number": "8765432109",
    "address": "456OakAvenue",
    "package": "999",
    "paymentMode": "cash",
    "isPaid": false,
    "screenshotUrl": null,
    "screenshotPublicId": null,
    "createdAt": "2025-11-20T13:32:30.121Z",
    "updatedAt": "2025-11-20T13:32:30.121Z",
    "__v": 0
  },
  {
    "_id": "691f1860d62befff3ff31ef5",
    "token": "2R77L4",
    "name": "TestUser1",
    "number": "9876543210",
    "address": "123TestStreet",
    "package": "499",
    "paymentMode": "cash",
    "isPaid": true,
    "screenshotUrl": null,
    "screenshotPublicId": null,
    "createdAt": "2025-11-20T13:32:16.792Z",
    "updatedAt": "2025-11-20T13:36:32.771Z",
    "__v": 0
  }
]